catalog_present,coverage_status,display_name,normalized_name,occurrence_count,priority_score,source_count
True,missing,FEIJAO CARIOCA SABOR MINEIRO 1KG,FEIJAO CARIOCA SABOR MINEIRO 1KG,3,8.5,2
False,missing,"SUCO DE UVA AURORA 1,5L TP TINTO INTEGRAL",SUCO DE UVA AURORA 1.5L TP TINTO INTEGRAL,3,8.25,3
False,missing,"CHOCOLATE KIT KAT 41,5G",CHOCOLATE KIT KAT 41.5G,3,8.25,3
False,missing,QUEIJO COALHO TAQUARI 285G,QUEIJO COALHO TAQUARI 285G,5,6.75,1
False,missing,"LIMPADOR PERFUMADO CASAFLOR 1,75L",LIMPADOR PERFUMADO CASAFLOR 1.75L,2,5.5,2
False,missing,"IOGURTE NESTLÉ TRIPLO ZERO 1,15KG",IOGURTE NESTLE TRIPLO ZERO 1.15KG,2,5.5,2
False,missing,"IOGURTE ITAMBÉ MORANGO 1,15KG",IOGURTE ITAMBE MORANGO 1.15KG,2,5.5,2
False,missing,ESPETINHO FRANBACON,ESPETINHO FRANBACON,2,5.5,2
False,missing,"DESINFETANTE POLITRIZ 1,75L",DESINFETANTE POLITRIZ 1.75L,2,5.5,2
False,missing,COXA E SOBRECOXA,COXA E SOBRECOXA,2,5.5,2
True,missing,"RACAO TITAN ADULTO 10,1 KG",RACAO TITAN ADULTO 10.1KG,1,4.75,1
True,missing,CERVEJA ANTARCTICA 350ML SUB ZERO LT,CERVEJA ANTARCTICA 350ML SUB ZERO LT,1,4.75,1
True,missing,CAFE VASCONCELOS 500G EXTRA FORTE,CAFE VASCONCELOS 500G EXTRA FORTE,1,4.75,1
False,missing,LINGUIÇA CUIABANA SR,LINGUICA CUIABANA SR,2,3.75,1
False,missing,UVA VITORIA S/ SEMENTE BDJ 500G,UVA VITORIA S SEMENTE BDJ 500G,1,2.75,1
False,missing,TORRADA MARINAL LEV MAGIC TOAST 110G,TORRADA MARINAL LEV MAGIC TOAST 110G,1,2.75,1
False,missing,"TOALHA BANHAO 1,50M ABSULUTE ZERO",TOALHA BANHAO 1.50M ABSULUTE ZERO,1,2.75,1
False,missing,TAPIOCA DA TERRINHA 500G,TAPIOCA DA TERRINHA 500G,1,2.75,1
False,missing,SURUBIM ARMAZEM DO PEIXE PCT 800G,SURUBIM ARMAZEM DO PEIXE PCT 800G,1,2.75,1
False,missing,SUCO POLPA SR 400ML,SUCO POLPA SR 400ML,1,2.75,1
False,missing,SUCO NUTRI NECTAR 1L,SUCO NUTRI NECTAR 1L,1,2.75,1
False,missing,SUCO MAGUARY SABORES 1L,SUCO MAGUARY SABORES 1L,1,2.75,1
False,missing,SUCO KAPO 200ML,SUCO KAPO 200ML,1,2.75,1
False,missing,"SUCO DE UVA AURORA TINTO INTEGRAL CAIXA 1,5L",SUCO DE UVA AURORA TINTO INTEGRAL CAIXA 1.5L,1,2.75,1
False,missing,"SUCO DE UVA AURORA TINTO GARRAFA 1,5L",SUCO DE UVA AURORA TINTO GARRAFA 1.5L,1,2.75,1
False,missing,"SUCO DE LARANJA PRATS 1,5L",SUCO DE LARANJA PRATS 1.5L,1,2.75,1
False,missing,SUCO DE LARANJA NATURAL 400ML SR,SUCO DE LARANJA NATURAL 400ML SR,1,2.75,1
False,missing,"SORVETE VARIATTA 1,8L",SORVETE VARIATTA 1.8L,1,2.75,1
False,missing,SOBREMESA LÁCTEA NESTLÉ CHANDELLE CHOCOLATE 360G,SOBREMESA LACTEA NESTLE CHANDELLE CHOCOLATE 360G,1,2.75,1
False,missing,SANDUICHE DE FRANGO SR,SANDUICHE DE FRANGO SR,1,2.75,1
False,missing,SALGADINHO DORITOS QUEJO NACHO 120G,SALGADINHO DORITOS QUEJO NACHO 120G,1,2.75,1
False,missing,SALGADINHO 115G,SALGADINHO 115G,1,2.75,1
False,missing,"SABÃO TIXAN CAIXA 2,2KG",SABAO TIXAN CAIXA 2.2KG,1,2.75,1
False,missing,"SABAO PO TIXAN YPE 2,2KG PRIMAVERAX",SABAO PO TIXAN YPE 2.2KG PRIMAVERAX,1,2.75,1
False,missing,"SABÃO EM PÓ TIXAN YPÊ CAIXA 1,6KG",SABAO EM PO TIXAN YPE CAIXA 1.6KG,1,2.75,1
False,missing,"SABÃO EM PÓ TIXAN CX 1,6KG",SABAO EM PO TIXAN CX 1.6KG,1,2.75,1
False,missing,"SABÃO EM PÓ OMO SC 5,6KG",SABAO EM PO OMO SC 5.6KG,1,2.75,1
False,missing,"SABÃO EM PÓ OMO SACO 5,6KG",SABAO EM PO OMO SACO 5.6KG,1,2.75,1
False,missing,"SABÃO EM PÓ OMO LAVAGEM PERFEITA CAIXA 1,6KG",SABAO EM PO OMO LAVAGEM PERFEITA CAIXA 1.6KG,1,2.75,1
False,missing,"SABÃO EM PÓ OMO 2,2KG",SABAO EM PO OMO 2.2KG,1,2.75,1
False,missing,"SABAO EM PO OMO 1,6KG LAVAGEM PERFEITA",SABAO EM PO OMO 1.6KG LAVAGEM PERFEITA,1,2.75,1
False,missing,"SABÃO EM PÓ BRILHANTE LIMPEZA TOTAL CX 1,6KG",SABAO EM PO BRILHANTE LIMPEZA TOTAL CX 1.6KG,1,2.75,1
False,missing,"SABÃO EM PÓ BRILHANTE LIMPEZA TOTAL CAIXA 1,6KG",SABAO EM PO BRILHANTE LIMPEZA TOTAL CAIXA 1.6KG,1,2.75,1
False,missing,"SABAO EM PO BRILHANTE 2,2KG LIMPEZA TOTA",SABAO EM PO BRILHANTE 2.2KG LIMPEZA TOTA,1,2.75,1
False,missing,"SABÃO EM PÓ BRILHANTE 2,2KG",SABAO EM PO BRILHANTE 2.2KG,1,2.75,1
False,missing,"SABAO EM PO BRILHANTE 1,6KG CX",SABAO EM PO BRILHANTE 1.6KG CX,1,2.75,1
False,missing,REQUEIJÃO CREMOSO COOPATOS TRADICIONAL 380G,REQUEIJAO CREMOSO COOPATOS TRADICIONAL 380G,1,2.75,1
False,missing,REFRIGERANTE COCA COLA ORIGINAL / ZERO 2L,REFRIGERANTE COCA COLA ORIGINAL ZERO 2L,1,2.75,1
False,missing,REFRIGERANTE COCA COLA ORIGINAL LATA 310ML,REFRIGERANTE COCA COLA ORIGINAL LATA 310ML,1,2.75,1
False,missing,REFRESCO EM PÓ TANG 18G SABORES,REFRESCO EM PO TANG 18G SABORES,1,2.75,1
False,missing,RAÇÃO TITAN 15KG,RACAO TITAN 15KG,1,2.75,1
False,missing,QUEIJO FRESCO,QUEIJO FRESCO,1,2.75,1
False,missing,PERNIL SUINSO S/ OSSO,PERNIL SUINSO S OSSO,1,2.75,1
False,missing,PEIXE PI,PEIXE PI,1,2.75,1
False,missing,PAPEL HIGIÊNICO DUETTO 12X1,PAPEL HIGIENICO DUETTO 12X1,1,2.75,1
False,missing,PAO FORMA SR 400G TRADICIONAL,PAO FORMA SR 400G TRADICIONAL,1,2.75,1
False,missing,PÃO DE QUEIJO CONGELADO TRAD SR 1KG,PAO DE QUEIJO CONGELADO TRAD SR 1KG,1,2.75,1
False,missing,PÃO DE QUEIJO CONGELADO SR 1KG,PAO DE QUEIJO CONGELADO SR 1KG,1,2.75,1
False,missing,PÃO DE FORMA SMART TRADICIONAL 400G,PAO DE FORMA SMART TRADICIONAL 400G,1,2.75,1
False,missing,PAO DE FORMA PULLMAN 480G TRADICIONAL,PAO DE FORMA PULLMAN 480G TRADICIONAL,1,2.75,1
False,missing,PÃO DE BATATA SR KG,PAO DE BATATA SR KG,1,2.75,1
False,missing,"PANELA DE PRESSÃO PANELUX 4,5L",PANELA DE PRESSAO PANELUX 4.5L,1,2.75,1
False,missing,OVO DE GALINHA BRANCO CARTELA 30X1,OVO DE GALINHA BRANCO CARTELA 30X1,1,2.75,1
False,missing,OVO DE CODORNA SÃO JOÃO 30X1,OVO DE CODORNA SAO JOAO 30X1,1,2.75,1
False,missing,OLEO DE SOJA ABC 900ML,OLEO DE SOJA ABC 900ML,1,2.75,1
False,missing,MUSSARELA TRADICIONAL KG,MUSSARELA TRADICIONAL KG,1,2.75,1
False,missing,"MORTADELA SADIA MISTA 3,25KG",MORTADELA SADIA MISTA 3.25KG,1,2.75,1
False,missing,"MORTADELA PERDIGÃO 3,5KG",MORTADELA PERDIGAO 3.5KG,1,2.75,1
False,missing,MANTEIGA TOURINHO COM SAL 200G,MANTEIGA TOURINHO COM SAL 200G,1,2.75,1
False,missing,MANTEIGA RÁDIO COM SAL 200G,MANTEIGA RADIO COM SAL 200G,1,2.75,1
False,missing,MANDIOCA SABORO SA PCT 1KG,MANDIOCA SABORO SA PCT 1KG,1,2.75,1
False,missing,MAIONESE DAJUDA SACHÊ 200G,MAIONESE DAJUDA SACHE 200G,1,2.75,1
False,missing,M ACARRÃO SAFRA 500G ESPAGUETE TIPOS,M ACARRAO SAFRA 500G ESPAGUETE TIPOS,1,2.75,1
False,missing,LOMBO FRESCO,LOMBO FRESCO,1,2.75,1
False,missing,LINGUIÇA CUIABANA,LINGUICA CUIABANA,1,2.75,1
False,missing,LINGUIÇA CASEIRA MISTA,LINGUICA CASEIRA MISTA,1,2.75,1
False,missing,LINGUIÇA CASEIRA CUIABANA,LINGUICA CASEIRA CUIABANA,1,2.75,1
False,missing,LINGUIÇA CASEIRA BIQUIN HO,LINGUICA CASEIRA BIQUIN HO,1,2.75,1
False,missing,LEITE TRIANGULO TP 1L INTEGRAL/DESNATADO,LEITE TRIANGULO TP 1L INTEGRAL DESNATADO,1,2.75,1
False,missing,LEITE FERMENTADO BATAVO 80G,LEITE FERMENTADO BATAVO 80G,1,2.75,1
False,missing,LAVA ROUP A BRILHANTE LIMP TOTAL SH 900ML,LAVA ROUP A BRILHANTE LIMP TOTAL SH 900ML,1,2.75,1
False,missing,KETCHUP FLAMBOYANT TRAD. 400G,KETCHUP FLAMBOYANT TRAD. 400G,1,2.75,1
False,missing,"IOIÔ MIX DUO 41,9G",IOIO MIX DUO 41.9G,1,2.75,1
False,missing,HAMBÚRGUER SADIA ANGUS 360G,HAMBURGUER SADIA ANGUS 360G,1,2.75,1
False,missing,GUARANA ANTARCTICA PET 200ML,GUARANA ANTARCTICA PET 200ML,1,2.75,1
False,missing,GIN ROCKS SUNSET DOCE 1L,GIN ROCKS SUNSET DOCE 1L,1,2.75,1
False,missing,"GARRAFÃO TERMOLAR FLIPTOP 2,5L",GARRAFAO TERMOLAR FLIPTOP 2.5L,1,2.75,1
False,missing,FRALDA DESC HUGGIES TP JUMBO,FRALDA DESC HUGGIES TP JUMBO,1,2.75,1
False,missing,FLOCÃO SINHÁ 400G,FLOCAO SINHA 400G,1,2.75,1
False,missing,FILÉ DE TILÁPIA ECOFISH SEM PELE CONGELADO 500G,FILE DE TILAPIA ECOFISH SEM PELE CONGELADO 500G,1,2.75,1
False,missing,FILÉ DE TILÁPIA ECOFISH SEM PELE 500G,FILE DE TILAPIA ECOFISH SEM PELE 500G,1,2.75,1
False,missing,FILÉ DE PEIT O DE FRANGO,FILE DE PEIT O DE FRANGO,1,2.75,1
False,missing,FEIJÃO RESENDE 1KG,FEIJAO RESENDE 1KG,1,2.75,1
False,missing,F LOCÃO SINHA 400G,F LOCAO SINHA 400G,1,2.75,1
False,missing,"E SPETINHO FRANBACON PACOTE 5X1 R$ 24,45 O PACOTE",E SPETINHO FRANBACON PACOTE 5X1 R 24 45 O PACOTE,1,2.75,1
False,missing,DOCE DE BANANADA AYE NATURAL 280G,DOCE DE BANANADA AYE NATURAL 280G,1,2.75,1
False,missing,DOCE DE BANANA,DOCE DE BANANA,1,2.75,1
False,missing,DES INFETANTE AZULIM 1L,DES INFETANTE AZULIM 1L,1,2.75,1
False,missing,"DADINHO BEM BRASIL TRADICIONAL 1,05KG",DADINHO BEM BRASIL TRADICIONAL 1.05KG,1,2.75,1
False,missing,"DADINHO BEM BRASIL BATATA COM BACON 1,05KG",DADINHO BEM BRASIL BATATA COM BACON 1.05KG,1,2.75,1
